Outcome,Vaccine Status,Prior Infection,Month0.5,Month1,Month2,Month3,Month4,Month5,Month6,Month7,Month8,Month9,Month10,Month11,Month12,Month13,Month14,Month15,Month16,References
Severe Outcomes,Unvaccinated,Yes,,,,4.347826087,4.149377593,3.984063745,3.984063745,4.081632653,3.984063745,4.237288136,4.524886878,4.739336493,5.235602094,5.714285714,6.329113924,7.194244604,8.333333333,"Bobrovitz et al (Lancet, 2023)"
Severe Outcomes,Unvaccinated,Yes,,,,11.23595506,11.9047619,10,10.1010101,12.65822785,9.090909091,5.649717514,4.901960784,4.716981132,4.716981132,4.504504505,,,,"COVID Forecasting Team (Lancet, 2023)"